dataset,epoch,loss,ssim,psnr,mse,timestamp
dataset,epoch,loss,ssim,psnr,mse,timestamp
data/ct_data/foot_50.pickle,0,[0.0036167  0.00345037 0.0033312  ... 0.00333302 0.00355518 0.0035953 ],0.04898154363036156,8.651159286499023,117.85211944580078,2025-05-02 10:39:59
data/ct_data/foot_50.pickle,1,[0.00027846 0.00037769 0.00038153 ... 0.00021481 0.00024842 0.00023844],0.04865061864256859,8.6542387008667,117.45462036132812,2025-05-02 10:40:06
data/ct_data/foot_50.pickle,2,[0.00030681 0.00032352 0.00012605 ... 0.00011553 0.00015399 0.00019641],0.04742707684636116,8.49694538116455,116.56282806396484,2025-05-02 10:40:14
data/ct_data/foot_50.pickle,3,[0.0002053  0.00017579 0.00019305 ... 0.00020843 0.00020241 0.0003187 ],0.045573458075523376,8.231670379638672,115.35706329345703,2025-05-02 10:40:21
data/ct_data/foot_50.pickle,4,[0.00020422 0.00016239 0.00010076 ... 0.00031835 0.00021641 0.00015639],0.04300897568464279,7.809131145477295,114.92243957519531,2025-05-02 10:40:29
data/ct_data/foot_50.pickle,5,[0.00031554 0.00022476 0.00022929 ... 0.00022582 0.00024646 0.00025337],0.042499735951423645,7.867373466491699,107.00996398925781,2025-05-02 10:40:36
data/ct_data/foot_50.pickle,6,"[2.9178199e-04 1.5429627e-04 9.6064134e-05 ... 1.9289866e-04 1.5256938e-04
 2.0070208e-04]",0.0588495172560215,11.438488960266113,113.04669189453125,2025-05-02 10:40:44
data/ct_data/foot_50.pickle,7,"[6.6664164e-05 2.2912078e-04 2.0478586e-04 ... 1.9151419e-04 1.1254987e-04
 8.9463058e-05]",0.1449955701828003,16.00223731994629,80.93424224853516,2025-05-02 10:40:51
data/ct_data/foot_50.pickle,8,"[9.7718766e-05 9.1550006e-05 6.4362481e-05 ... 1.3082880e-04 8.6770029e-05
 8.3068488e-05]",0.3033428192138672,17.70281982421875,55.53608703613281,2025-05-02 10:40:59
data/ct_data/foot_50.pickle,9,"[3.6788140e-05 3.1989595e-05 2.0641084e-05 ... 1.7755285e-05 2.2958884e-05
 1.9435902e-05]",0.3530198633670807,18.448223114013672,49.008792877197266,2025-05-02 10:41:06
data/ct_data/foot_50.pickle,10,"[1.7519185e-05 5.8576410e-05 3.0132080e-05 ... 3.0452326e-05 3.6640566e-05
 2.9725437e-05]",0.41239893436431885,19.079776763916016,43.86678695678711,2025-05-02 10:41:13
data/ct_data/foot_50.pickle,11,"[1.6895865e-05 2.5098168e-05 1.1293792e-05 ... 1.7666260e-05 1.0629401e-05
 3.4031247e-05]",0.4814167618751526,19.705747604370117,40.3458251953125,2025-05-02 10:41:25
data/ct_data/foot_50.pickle,12,"[6.72797751e-06 1.30879525e-05 1.57926588e-05 ... 9.25887070e-06
 8.81704545e-06 4.85521332e-06]",0.5212237238883972,20.237398147583008,39.300289154052734,2025-05-02 10:41:33
data/ct_data/foot_50.pickle,13,"[5.82328903e-06 1.58581915e-05 6.56103202e-06 ... 1.19175875e-05
 6.62813682e-06 6.38257870e-06]",0.5770278573036194,21.023147583007812,37.115875244140625,2025-05-02 10:41:40
data/ct_data/foot_50.pickle,14,"[4.5045276e-06 6.0700845e-06 7.3823053e-06 ... 7.8227631e-06 1.6016507e-05
 4.5896468e-06]",0.6044352054595947,21.411378860473633,36.05635452270508,2025-05-02 10:41:47
data/ct_data/foot_50.pickle,15,"[5.2041087e-06 4.1496810e-06 5.2573987e-06 ... 4.4948379e-06 5.2365090e-06
 4.8302700e-06]",0.6320751905441284,21.93520736694336,34.14302062988281,2025-05-02 10:41:55
data/ct_data/foot_50.pickle,16,"[5.2782852e-06 4.7754120e-06 2.0144601e-06 ... 4.0171653e-06 6.1329047e-06
 4.6656946e-06]",0.644047737121582,22.17647933959961,33.565574645996094,2025-05-02 10:42:02
data/ct_data/foot_50.pickle,17,"[4.5667980e-06 3.9317588e-06 4.9870596e-06 ... 3.5450985e-06 2.9875687e-06
 2.7946010e-06]",0.6633350253105164,22.67304039001465,31.77475357055664,2025-05-02 10:42:09
data/ct_data/foot_50.pickle,18,"[5.0554913e-06 5.5972450e-06 2.0966208e-06 ... 7.1778632e-06 2.0203734e-06
 2.1451756e-06]",0.6685965657234192,22.88228988647461,31.853561401367188,2025-05-02 10:42:18
data/ct_data/foot_50.pickle,19,"[4.1348476e-06 6.0344119e-06 3.6326371e-06 ... 3.7844125e-06 4.3555997e-06
 3.7630380e-06]",0.6853355765342712,23.330598831176758,30.028505325317383,2025-05-02 10:42:26
data/ct_data/foot_50.pickle,20,"[1.3870699e-06 2.3524394e-06 4.3055825e-06 ... 3.7797179e-06 1.9647412e-06
 2.3362188e-06]",0.6808818578720093,23.078371047973633,31.27569580078125,2025-05-02 10:42:33
data/ct_data/foot_50.pickle,21,"[3.8864855e-06 6.3875468e-06 2.0352004e-06 ... 2.0253588e-06 3.8402927e-06
 3.6293457e-06]",0.6971268653869629,23.16262435913086,29.849271774291992,2025-05-02 10:42:46
data/ct_data/foot_50.pickle,22,"[7.4147938e-06 2.9716396e-06 5.7649181e-06 ... 5.0695676e-06 6.7545643e-06
 2.7620451e-06]",0.675269365310669,22.519372940063477,32.22114944458008,2025-05-02 10:42:54
data/ct_data/foot_50.pickle,23,"[1.7499729e-06 2.0853308e-06 3.0645733e-06 ... 6.6578605e-06 3.2203941e-06
 2.9629769e-06]",0.698556661605835,23.3621826171875,29.676713943481445,2025-05-02 10:43:02
data/ct_data/foot_50.pickle,24,"[9.2919918e-06 6.0919956e-06 1.7286289e-05 ... 3.2030853e-06 1.0258118e-05
 4.1918856e-06]",0.6681411266326904,23.111473083496094,32.441139221191406,2025-05-02 10:43:09
data/ct_data/foot_50.pickle,25,"[4.2715251e-06 4.3873802e-06 4.5264810e-06 ... 3.0077902e-06 2.7361912e-06
 5.9708477e-06]",0.7040624618530273,24.28276824951172,28.497024536132812,2025-05-02 10:43:17
data/ct_data/foot_50.pickle,26,"[2.7817541e-06 2.6472555e-06 3.7386885e-06 ... 1.7152992e-06 2.6631899e-06
 2.1298063e-06]",0.6948397755622864,24.401193618774414,29.52300453186035,2025-05-02 10:43:25
data/ct_data/foot_50.pickle,27,"[1.0880995e-06 3.3026452e-06 8.4785574e-07 ... 1.0198880e-06 2.0953510e-06
 2.4667706e-06]",0.7156853675842285,24.723722457885742,27.630178451538086,2025-05-02 10:43:33
data/ct_data/foot_50.pickle,28,"[1.7460522e-06 1.2763694e-06 1.5076012e-06 ... 1.4083276e-06 8.3553590e-07
 2.4348888e-06]",0.7133914828300476,24.90138053894043,28.0078125,2025-05-02 10:43:41
data/ct_data/foot_50.pickle,29,"[4.5231404e-06 1.6854724e-06 2.6694490e-06 ... 1.5444857e-06 1.6415440e-06
 3.3227016e-06]",0.7262939810752869,25.034225463867188,27.013309478759766,2025-05-02 10:43:48
data/ct_data/foot_50.pickle,30,"[1.1966379e-06 5.6446925e-07 1.3700435e-06 ... 1.6181444e-06 1.1651920e-06
 1.5773903e-06]",0.7254037857055664,25.157913208007812,27.222618103027344,2025-05-02 10:43:56
data/ct_data/foot_50.pickle,31,"[3.7659703e-07 4.6402306e-07 6.7914675e-07 ... 1.9725142e-06 1.6625368e-06
 1.5101515e-06]",0.7338042855262756,25.282474517822266,26.61798667907715,2025-05-02 10:44:09
data/ct_data/foot_50.pickle,32,"[1.1464531e-06 8.0234526e-07 1.0394899e-06 ... 5.4958423e-07 1.2386715e-06
 1.5942284e-06]",0.7333771586418152,25.376745223999023,26.780311584472656,2025-05-02 10:44:17
data/ct_data/foot_50.pickle,33,"[1.1741034e-06 1.1774396e-06 2.1004828e-06 ... 1.4587699e-06 1.1133329e-06
 4.3488140e-07]",0.7401861548423767,25.44770622253418,26.29568862915039,2025-05-02 10:44:24
data/ct_data/foot_50.pickle,34,"[1.3640949e-06 1.1152074e-06 1.0633686e-06 ... 1.8512200e-06 1.4859029e-06
 2.6802625e-06]",0.7392779588699341,25.53297233581543,26.51690673828125,2025-05-02 10:44:32
data/ct_data/foot_50.pickle,35,"[9.9259125e-07 1.6878397e-06 8.7921245e-07 ... 2.2278327e-06 5.2612597e-07
 8.7048267e-07]",0.7453747391700745,25.599788665771484,26.036968231201172,2025-05-02 10:44:39
data/ct_data/foot_50.pickle,36,"[1.7204318e-06 1.2828485e-06 9.1457804e-07 ... 7.6955655e-07 6.4689880e-07
 6.9936982e-07]",0.7444016933441162,25.71984100341797,26.20549964904785,2025-05-02 10:44:46
data/ct_data/foot_50.pickle,37,"[9.0239899e-07 1.5957672e-06 2.0659725e-06 ... 5.2416686e-07 1.3073801e-06
 1.2350164e-06]",0.7508435249328613,25.76943016052246,25.7706241607666,2025-05-02 10:44:54
data/ct_data/foot_50.pickle,38,"[8.6250833e-07 1.5908994e-06 1.4241940e-06 ... 7.7282959e-07 4.8143988e-07
 1.7676264e-06]",0.7484662532806396,25.874948501586914,26.005842208862305,2025-05-02 10:45:01
data/ct_data/foot_50.pickle,39,"[5.6931731e-07 9.9959868e-07 3.0771976e-06 ... 6.0701535e-07 7.7825155e-07
 1.3134695e-06]",0.754468560218811,25.86459732055664,25.65290069580078,2025-05-02 10:45:08
data/ct_data/foot_50.pickle,40,"[1.2714493e-06 6.0227876e-07 2.2115555e-06 ... 8.5897193e-07 1.4942228e-06
 2.3623202e-06]",0.751403272151947,25.927499771118164,26.00796890258789,2025-05-02 10:45:16
data/ct_data/foot_50.pickle,41,"[1.8446360e-06 1.1031672e-06 6.8366279e-07 ... 1.4424768e-06 8.7630343e-07
 1.2310936e-06]",0.7581837177276611,25.9223690032959,25.633302688598633,2025-05-02 10:45:27
data/ct_data/foot_50.pickle,42,"[5.7702687e-07 2.1527903e-06 1.0698034e-06 ... 3.0209258e-06 1.4343619e-06
 1.3831918e-06]",0.7538359761238098,25.988468170166016,25.985862731933594,2025-05-02 10:45:35
data/ct_data/foot_50.pickle,43,"[1.3892062e-06 1.4198563e-06 1.3540481e-06 ... 1.6620096e-06 1.4397899e-06
 7.9430509e-07]",0.7615533471107483,25.95903778076172,25.596349716186523,2025-05-02 10:45:43
data/ct_data/foot_50.pickle,44,"[1.5758794e-06 1.4065537e-06 1.4360277e-06 ... 1.0498433e-06 1.1755920e-06
 2.6393768e-06]",0.7538806200027466,25.943714141845703,26.197608947753906,2025-05-02 10:45:51
data/ct_data/foot_50.pickle,45,"[2.2103352e-06 9.0295441e-07 1.0352471e-06 ... 1.0848704e-06 7.4987457e-07
 1.5550976e-06]",0.7631403207778931,25.963912963867188,25.617996215820312,2025-05-02 10:45:59
data/ct_data/foot_50.pickle,46,"[1.4254365e-06 1.1023564e-06 9.4096652e-07 ... 1.0463087e-06 1.1133325e-06
 2.5583172e-06]",0.7529619336128235,25.960208892822266,26.297565460205078,2025-05-02 10:46:06
data/ct_data/foot_50.pickle,47,"[2.4994124e-06 1.1174246e-06 1.9063657e-06 ... 1.2031234e-06 1.8654115e-06
 1.5438105e-06]",0.765153169631958,26.101707458496094,25.425785064697266,2025-05-02 10:46:14
data/ct_data/foot_50.pickle,48,"[1.1051227e-06 7.9460477e-07 8.6533788e-07 ... 1.6340798e-06 1.5047638e-06
 2.0350556e-06]",0.7570557594299316,26.203996658325195,25.84420394897461,2025-05-02 10:46:22
data/ct_data/foot_50.pickle,49,"[1.3255370e-06 9.8769772e-07 1.3922465e-06 ... 9.4605986e-07 1.1417055e-06
 1.8209367e-06]",0.7678894996643066,26.288850784301758,25.11128044128418,2025-05-02 10:46:30
data/ct_data/foot_50.pickle,50,"[9.8412511e-07 2.2820498e-06 9.0665924e-07 ... 1.0778434e-06 9.2146365e-07
 1.3763259e-06]",0.7620750069618225,26.38960838317871,25.439720153808594,2025-05-02 10:46:37
data/ct_data/foot_50.pickle,51,"[9.3662914e-07 8.6595099e-07 2.2155123e-06 ... 1.8717309e-06 1.3397298e-06
 4.7798954e-07]",0.7708725929260254,26.482656478881836,24.87138557434082,2025-05-02 10:46:49
data/ct_data/foot_50.pickle,52,"[1.4036963e-06 1.2088158e-06 1.0667153e-06 ... 1.1202455e-06 1.6769563e-06
 1.2607107e-06]",0.7674165368080139,26.584287643432617,25.0029239654541,2025-05-02 10:46:57
data/ct_data/foot_50.pickle,53,"[5.9201983e-07 4.9005041e-07 1.0608401e-06 ... 1.0082736e-06 1.1243213e-06
 2.7030367e-06]",0.7740957140922546,26.639060974121094,24.638317108154297,2025-05-02 10:47:05
data/ct_data/foot_50.pickle,54,"[1.6891322e-06 1.0174838e-06 6.7422690e-07 ... 4.7679379e-07 1.0800475e-06
 6.5059487e-07]",0.7716751098632812,26.708154678344727,24.778160095214844,2025-05-02 10:47:13
data/ct_data/foot_50.pickle,55,"[9.9721353e-07 5.4767696e-07 7.2688044e-07 ... 1.0360128e-06 6.1465073e-07
 2.2200663e-06]",0.7766641974449158,26.742116928100586,24.512859344482422,2025-05-02 10:47:21
data/ct_data/foot_50.pickle,56,"[6.6021283e-07 4.5869143e-07 1.3021755e-06 ... 7.0467695e-07 1.0181475e-06
 6.0091605e-07]",0.7763814330101013,26.856576919555664,24.4771671295166,2025-05-02 10:47:28
data/ct_data/foot_50.pickle,57,"[3.7821664e-07 7.2192216e-07 1.0023518e-06 ... 5.4521718e-07 4.2740103e-07
 1.1278185e-06]",0.7792562246322632,26.89116859436035,24.334793090820312,2025-05-02 10:47:36
data/ct_data/foot_50.pickle,58,"[6.0536991e-07 8.8057766e-07 6.7579987e-07 ... 1.5337605e-06 6.7432052e-07
 1.4303578e-06]",0.7795634269714355,26.93253517150879,24.34908676147461,2025-05-02 10:47:43
data/ct_data/foot_50.pickle,59,"[1.0697564e-06 1.6404177e-06 5.6338786e-07 ... 9.1223643e-07 1.6559278e-06
 1.0497108e-06]",0.782150149345398,27.008235931396484,24.178997039794922,2025-05-02 10:47:51
data/ct_data/foot_50.pickle,60,"[4.2513341e-07 4.0125863e-07 1.1952901e-07 ... 2.2438709e-07 2.8923753e-07
 4.4979134e-07]",0.7828062772750854,27.048269271850586,24.165172576904297,2025-05-02 10:47:58
data/ct_data/foot_50.pickle,61,"[1.0127983e-06 5.9360201e-07 4.3830494e-07 ... 5.8566326e-07 4.1916937e-07
 7.3142752e-07]",0.7842557430267334,27.09223747253418,24.075590133666992,2025-05-02 10:48:10
data/ct_data/foot_50.pickle,62,"[5.4715036e-07 6.5768370e-07 5.6734450e-07 ... 5.6731989e-07 5.0712691e-07
 6.6114336e-07]",0.7850003242492676,27.121837615966797,24.06818389892578,2025-05-02 10:48:18
data/ct_data/foot_50.pickle,63,"[5.6609673e-07 4.4231101e-07 6.1622683e-07 ... 3.3403887e-07 8.3679055e-07
 1.2070807e-06]",0.7862529754638672,27.15435218811035,24.02077293395996,2025-05-02 10:48:25
data/ct_data/foot_50.pickle,64,"[7.4648028e-07 8.7250305e-07 4.4990577e-07 ... 5.3786999e-07 8.5611936e-07
 4.8388989e-07]",0.787440836429596,27.206457138061523,23.964513778686523,2025-05-02 10:48:33
data/ct_data/foot_50.pickle,65,"[1.1568181e-06 1.1209107e-06 7.6174581e-07 ... 4.9696303e-07 6.8309993e-07
 5.7902508e-07]",0.7881963849067688,27.244564056396484,23.930599212646484,2025-05-02 10:48:40
data/ct_data/foot_50.pickle,66,"[2.3500510e-07 8.1252409e-07 8.6668774e-07 ... 1.9523725e-06 3.5914994e-07
 4.4544518e-07]",0.7896840572357178,27.29404067993164,23.852582931518555,2025-05-02 10:48:48
data/ct_data/foot_50.pickle,67,"[4.2397613e-07 1.3004749e-06 6.3926643e-07 ... 4.0059774e-07 7.9238328e-07
 1.0810494e-06]",0.7897748351097107,27.314340591430664,23.87603759765625,2025-05-02 10:48:56
data/ct_data/foot_50.pickle,68,"[4.0559746e-07 1.7916873e-06 6.1536025e-07 ... 7.1351417e-07 5.2632709e-07
 7.5661649e-07]",0.7912448048591614,27.33909797668457,23.808025360107422,2025-05-02 10:49:03
data/ct_data/foot_50.pickle,69,"[7.2664773e-07 5.3060234e-07 3.4751417e-07 ... 8.0746082e-07 9.6346264e-07
 9.7187501e-07]",0.7919214367866516,27.401622772216797,23.736957550048828,2025-05-02 10:49:10
data/ct_data/foot_50.pickle,70,"[5.9175647e-07 1.8944260e-07 1.3502182e-06 ... 4.2605518e-07 1.2200545e-06
 4.8114754e-07]",0.7926405072212219,27.415870666503906,23.75124740600586,2025-05-02 10:49:18
data/ct_data/foot_50.pickle,71,"[1.3326829e-06 8.3621234e-07 1.5531870e-07 ... 5.4864523e-07 1.6952909e-07
 4.6013065e-07]",0.7938171029090881,27.454742431640625,23.661670684814453,2025-05-02 10:49:30
data/ct_data/foot_50.pickle,72,"[4.6597160e-07 1.5467168e-06 5.7642274e-07 ... 1.2716780e-06 9.7878353e-07
 2.1146826e-07]",0.7944381237030029,27.44919776916504,23.700103759765625,2025-05-02 10:49:37
data/ct_data/foot_50.pickle,73,"[7.0431219e-07 3.4780317e-07 2.4047245e-07 ... 8.9575514e-07 4.9771785e-07
 8.0061136e-07]",0.7949396371841431,27.480300903320312,23.65430450439453,2025-05-02 10:49:45
data/ct_data/foot_50.pickle,74,"[9.1515432e-07 5.1864413e-07 1.8037865e-07 ... 2.0539156e-07 2.6708602e-07
 7.1815407e-07]",0.7955009937286377,27.4594669342041,23.710134506225586,2025-05-02 10:49:52
data/ct_data/foot_50.pickle,75,"[9.1510111e-07 3.0863907e-07 3.3656281e-07 ... 1.3781808e-07 6.1023388e-07
 4.4457664e-07]",0.796625018119812,27.46109962463379,23.67817497253418,2025-05-02 10:50:00
data/ct_data/foot_50.pickle,76,"[3.6485196e-07 3.5135349e-07 7.1160269e-07 ... 6.6598915e-07 4.8795590e-07
 1.1400551e-06]",0.7947553396224976,27.380882263183594,23.952653884887695,2025-05-02 10:50:07
data/ct_data/foot_50.pickle,77,"[5.2178626e-07 9.7142436e-07 5.9262771e-07 ... 2.1009155e-06 1.3153352e-06
 7.6370844e-07]",0.7971416115760803,27.368221282958984,23.85751724243164,2025-05-02 10:50:14
data/ct_data/foot_50.pickle,78,"[1.6987002e-07 9.8929593e-07 8.0551115e-07 ... 8.9822299e-07 7.2391163e-07
 8.6676096e-07]",0.793018102645874,27.236099243164062,24.212793350219727,2025-05-02 10:50:22
data/ct_data/foot_50.pickle,79,"[7.1292646e-07 1.4518082e-06 1.0554186e-06 ... 3.0515034e-06 1.3394264e-06
 2.2716829e-06]",0.7956018447875977,27.09847640991211,24.34722328186035,2025-05-02 10:50:29
data/ct_data/foot_50.pickle,80,"[7.8365622e-07 7.5449839e-07 1.8857503e-06 ... 1.0006241e-06 1.1938807e-06
 1.8956052e-06]",0.7875909805297852,26.9711971282959,24.742862701416016,2025-05-02 10:50:36
data/ct_data/foot_50.pickle,81,"[1.1723685e-06 4.1157094e-07 1.8632469e-06 ... 2.7772236e-07 2.0123150e-06
 2.3821071e-06]",0.79582679271698,27.244239807128906,24.165199279785156,2025-05-02 10:50:48
data/ct_data/foot_50.pickle,82,"[1.5865548e-06 1.9290537e-06 1.2997270e-06 ... 3.5953119e-07 1.9725658e-06
 2.3560574e-06]",0.7912707924842834,27.355348587036133,24.14810562133789,2025-05-02 10:50:56
data/ct_data/foot_50.pickle,83,"[1.2892524e-06 1.5662622e-06 1.3571632e-06 ... 7.2482254e-07 1.6494164e-06
 9.0906468e-07]",0.7985460758209229,27.557470321655273,23.633127212524414,2025-05-02 10:51:03
data/ct_data/foot_50.pickle,84,"[1.0678933e-06 1.7413503e-06 1.1955276e-06 ... 5.1859132e-07 4.6673424e-07
 4.1629855e-07]",0.7970074415206909,27.63168716430664,23.605361938476562,2025-05-02 10:51:10
data/ct_data/foot_50.pickle,85,"[1.5603484e-06 9.7718487e-07 5.4568909e-07 ... 1.2320518e-06 3.8537871e-07
 5.3443711e-07]",0.8004322052001953,27.701223373413086,23.375934600830078,2025-05-02 10:51:18
data/ct_data/foot_50.pickle,86,"[1.2465545e-06 2.3290286e-07 2.1725104e-07 ... 7.3397183e-07 1.0259672e-07
 1.1050416e-06]",0.8007084727287292,27.720355987548828,23.393993377685547,2025-05-02 10:51:25
data/ct_data/foot_50.pickle,87,"[9.9201998e-07 6.5922933e-07 3.9576670e-07 ... 7.0032053e-07 6.5407141e-07
 8.4584065e-07]",0.8013436794281006,27.751514434814453,23.358936309814453,2025-05-02 10:51:33
data/ct_data/foot_50.pickle,88,"[1.2138073e-06 5.0526552e-07 5.7151129e-07 ... 4.0884311e-07 4.9677806e-07
 6.2822966e-07]",0.8027952313423157,27.80964469909668,23.246904373168945,2025-05-02 10:51:40
data/ct_data/foot_50.pickle,89,"[7.8189311e-07 6.8802433e-07 2.2803259e-07 ... 4.6161804e-07 2.1772753e-07
 1.5469620e-06]",0.8031459450721741,27.812583923339844,23.269804000854492,2025-05-02 10:51:47
data/ct_data/foot_50.pickle,90,"[4.6810575e-07 2.7167897e-07 3.3488561e-07 ... 1.6559970e-06 5.8517276e-07
 8.0884411e-07]",0.8043783903121948,27.86471939086914,23.175626754760742,2025-05-02 10:51:55
data/ct_data/foot_50.pickle,91,"[8.4192698e-07 8.3396930e-07 5.0539597e-07 ... 1.3553611e-06 4.4385328e-07
 2.1360920e-07]",0.804538369178772,27.873334884643555,23.17753791809082,2025-05-02 10:52:07
data/ct_data/foot_50.pickle,92,"[5.3842859e-07 8.8233020e-07 6.2389887e-07 ... 5.8668638e-07 5.2291665e-07
 7.4014935e-07]",0.8054875135421753,27.90717315673828,23.10222053527832,2025-05-02 10:52:14
data/ct_data/foot_50.pickle,93,"[3.9800133e-07 7.0887961e-07 2.8953954e-07 ... 3.1661929e-07 1.1221589e-06
 9.3958488e-07]",0.8055806159973145,27.900026321411133,23.140342712402344,2025-05-02 10:52:21
data/ct_data/foot_50.pickle,94,"[3.4457858e-07 4.6177718e-07 1.2108114e-06 ... 4.0393397e-07 7.6253986e-07
 4.0425940e-07]",0.8063795566558838,27.93166732788086,23.08822250366211,2025-05-02 10:52:28
data/ct_data/foot_50.pickle,95,"[6.1584547e-07 9.1317497e-07 3.8419802e-07 ... 7.0022560e-07 5.4886567e-07
 9.3970186e-07]",0.8066850304603577,27.955947875976562,23.055953979492188,2025-05-02 10:52:35
data/ct_data/foot_50.pickle,96,"[4.9109082e-07 7.9296501e-07 2.7678689e-07 ... 3.4570141e-07 2.3414252e-07
 1.0854726e-06]",0.8070855140686035,27.94690704345703,23.112346649169922,2025-05-02 10:52:42
data/ct_data/foot_50.pickle,97,"[4.3458721e-07 7.8991849e-07 7.1935000e-07 ... 5.9297554e-07 4.3850366e-07
 6.2296635e-07]",0.8075201511383057,27.985553741455078,23.00678825378418,2025-05-02 10:52:49
data/ct_data/foot_50.pickle,98,"[7.4023751e-07 1.3615043e-07 5.2733418e-07 ... 3.8171049e-07 8.2823311e-07
 2.4466081e-07]",0.8085019588470459,28.024568557739258,22.96186637878418,2025-05-02 10:52:56
data/ct_data/foot_50.pickle,99,"[5.3468722e-07 8.6614557e-07 7.6562986e-07 ... 4.6109068e-07 8.1202307e-07
 4.9096650e-07]",0.8085843324661255,28.027912139892578,22.980682373046875,2025-05-02 10:53:03
data/ct_data/foot_50.pickle,100,"[4.3088744e-07 4.1960499e-07 3.1963035e-07 ... 3.6830846e-07 7.4338357e-07
 4.6295190e-07]",0.8087213635444641,28.037900924682617,23.003644943237305,2025-05-02 10:53:09
data/ct_data/foot_50.pickle,101,"[1.7636511e-07 4.9354685e-07 1.8062670e-07 ... 1.1143262e-06 7.7150509e-07
 5.4022757e-07]",0.8094443082809448,28.084569931030273,22.89584732055664,2025-05-02 10:53:21
data/ct_data/foot_50.pickle,102,"[9.7700786e-07 6.7600797e-07 3.1220506e-07 ... 7.6300853e-07 3.3658242e-07
 1.1107327e-06]",0.8100686073303223,28.073089599609375,22.91840934753418,2025-05-02 10:53:28
data/ct_data/foot_50.pickle,103,"[5.0131189e-07 1.0057446e-06 4.7445073e-07 ... 3.7159171e-07 7.7380179e-07
 7.4875601e-07]",0.8100734949111938,28.093297958374023,22.927059173583984,2025-05-02 10:53:35
data/ct_data/foot_50.pickle,104,"[3.5921011e-07 5.4319696e-07 3.1937699e-07 ... 2.6599221e-07 6.4316953e-07
 9.4130769e-07]",0.8108441829681396,28.12196922302246,22.861923217773438,2025-05-02 10:53:42
data/ct_data/foot_50.pickle,105,"[6.3869817e-07 4.4782195e-07 5.5395634e-07 ... 4.4217890e-07 9.2260200e-07
 6.8610228e-07]",0.810788631439209,28.11960220336914,22.88918113708496,2025-05-02 10:53:49
data/ct_data/foot_50.pickle,106,"[3.1649364e-07 7.3901037e-07 3.1870809e-07 ... 4.6700362e-07 5.3326556e-07
 3.2629413e-07]",0.8115450143814087,28.147079467773438,22.826135635375977,2025-05-02 10:53:56
data/ct_data/foot_50.pickle,107,"[3.6096154e-07 5.3419205e-07 2.2013564e-06 ... 6.3858892e-07 8.7130297e-07
 3.7381457e-07]",0.8115501999855042,28.141271591186523,22.819564819335938,2025-05-02 10:54:03
data/ct_data/foot_50.pickle,108,"[6.1065083e-07 2.6702656e-07 5.0431919e-07 ... 8.7679467e-07 4.5203902e-07
 2.7879759e-07]",0.8116515874862671,28.132457733154297,22.87298011779785,2025-05-02 10:54:10
data/ct_data/foot_50.pickle,109,"[6.5442333e-07 9.7764200e-07 4.9632780e-07 ... 8.1838044e-07 8.8138057e-07
 2.0889253e-07]",0.8122909665107727,28.155906677246094,22.800174713134766,2025-05-02 10:54:16
data/ct_data/foot_50.pickle,110,"[5.9438759e-07 3.5228572e-07 3.5791942e-07 ... 6.1528090e-07 3.9707606e-07
 2.0586941e-07]",0.8118550181388855,28.1444149017334,22.87696647644043,2025-05-02 10:54:23
data/ct_data/foot_50.pickle,111,"[4.5654596e-07 7.3992925e-07 1.9461622e-07 ... 4.7666563e-07 3.1264465e-06
 7.3155178e-07]",0.8125455975532532,28.1412353515625,22.856494903564453,2025-05-02 10:54:35
data/ct_data/foot_50.pickle,112,"[5.2157930e-07 6.7364823e-07 5.5630255e-07 ... 4.4664378e-07 8.2097620e-07
 6.6455289e-07]",0.8120050430297852,28.14630126953125,22.8939266204834,2025-05-02 10:54:42
data/ct_data/foot_50.pickle,113,"[6.2182903e-07 3.6566283e-07 7.3933660e-07 ... 4.6452101e-07 5.6479894e-07
 4.9902042e-07]",0.8134450912475586,28.19359588623047,22.77406120300293,2025-05-02 10:54:48
data/ct_data/foot_50.pickle,114,"[3.3596476e-07 4.1893614e-07 4.0531046e-07 ... 7.0261177e-07 3.5140619e-07
 4.6310549e-07]",0.8131285905838013,28.20786476135254,22.80080795288086,2025-05-02 10:54:55
data/ct_data/foot_50.pickle,115,"[5.6187059e-07 1.1717801e-06 7.1868124e-07 ... 7.1837667e-07 2.7465742e-07
 3.5784797e-07]",0.8136019110679626,28.217031478881836,22.75094985961914,2025-05-02 10:55:02
data/ct_data/foot_50.pickle,116,"[1.3666330e-07 7.3227989e-07 3.9752095e-07 ... 3.7351379e-07 1.3032094e-06
 2.2357406e-07]",0.8137017488479614,28.22612953186035,22.809661865234375,2025-05-02 10:55:09
data/ct_data/foot_50.pickle,117,"[9.1000408e-07 1.0323450e-06 2.6150710e-07 ... 6.2184370e-07 3.7760114e-07
 5.0256108e-07]",0.8141072392463684,28.232698440551758,22.769756317138672,2025-05-02 10:55:16
data/ct_data/foot_50.pickle,118,"[4.4713448e-07 8.4427137e-07 4.8879667e-07 ... 7.1563386e-07 3.4615152e-07
 7.9126710e-07]",0.8139463067054749,28.24374008178711,22.80055809020996,2025-05-02 10:55:23
data/ct_data/foot_50.pickle,119,"[4.7138855e-07 3.7207809e-07 4.8874136e-07 ... 6.3958743e-07 4.5238309e-07
 5.4333776e-07]",0.8148720264434814,28.269397735595703,22.692556381225586,2025-05-02 10:55:30
data/ct_data/foot_50.pickle,120,"[7.4880603e-07 1.7548608e-06 5.1254244e-07 ... 1.3559162e-06 3.7933995e-07
 1.4930748e-06]",0.814777672290802,28.257583618164062,22.728612899780273,2025-05-02 10:55:37
data/ct_data/foot_50.pickle,121,"[1.9552688e-06 5.6554239e-07 1.1635204e-07 ... 7.5573604e-07 2.9958244e-07
 8.5373364e-07]",0.8149773478507996,28.278656005859375,22.69772720336914,2025-05-02 10:55:48
data/ct_data/foot_50.pickle,122,"[1.0985977e-06 1.2247889e-06 6.3288923e-07 ... 1.7191789e-07 9.9278395e-07
 8.7727960e-07]",0.8150444030761719,28.2592830657959,22.737659454345703,2025-05-02 10:55:55
data/ct_data/foot_50.pickle,123,"[6.4602932e-07 5.5821721e-07 3.8409246e-07 ... 1.6608818e-06 6.7665496e-07
 5.9940227e-08]",0.8152028918266296,28.292985916137695,22.708995819091797,2025-05-02 10:56:02
data/ct_data/foot_50.pickle,124,"[4.5450997e-07 1.5901357e-07 4.6142179e-07 ... 5.4832822e-07 4.9982668e-07
 3.8546716e-07]",0.8149522542953491,28.23833465576172,22.787179946899414,2025-05-02 10:56:09
data/ct_data/foot_50.pickle,125,"[6.6364555e-07 1.3359291e-07 4.7389946e-07 ... 6.8536940e-07 9.4807069e-07
 4.4443584e-07]",0.8148820400238037,28.302574157714844,22.7558650970459,2025-05-02 10:56:16
data/ct_data/foot_50.pickle,126,"[2.8011831e-07 8.3993001e-07 7.1902321e-07 ... 5.3656657e-07 1.1215875e-06
 6.9911590e-07]",0.8153066039085388,28.270828247070312,22.808122634887695,2025-05-02 10:56:23
data/ct_data/foot_50.pickle,127,"[4.9880606e-07 8.8883843e-07 1.1231995e-06 ... 8.0380289e-07 7.4317222e-07
 5.1563080e-07]",0.8148669004440308,28.284160614013672,22.83580207824707,2025-05-02 10:56:30
data/ct_data/foot_50.pickle,128,"[3.1252586e-07 7.1193028e-07 2.8704849e-07 ... 1.4290300e-07 7.0081171e-07
 4.3383562e-07]",0.8153550624847412,28.30588722229004,22.845590591430664,2025-05-02 10:56:37
data/ct_data/foot_50.pickle,129,"[1.0243134e-06 3.2489208e-07 5.5259528e-07 ... 5.5009349e-07 1.0631582e-06
 6.0818167e-07]",0.8160117864608765,28.32384490966797,22.753889083862305,2025-05-02 10:56:44
data/ct_data/foot_50.pickle,130,"[4.5298108e-07 5.1447716e-07 1.1090151e-06 ... 5.1409529e-07 6.9222909e-07
 7.1901820e-07]",0.8160887956619263,28.33368492126465,22.74695587158203,2025-05-02 10:56:51
data/ct_data/foot_50.pickle,131,"[7.7563158e-07 6.9931588e-07 4.7499896e-07 ... 1.0860856e-06 4.4975044e-07
 3.2802851e-07]",0.8163415789604187,28.329910278320312,22.701025009155273,2025-05-02 10:57:02
data/ct_data/foot_50.pickle,132,"[3.1789642e-07 6.7077229e-07 8.9371366e-07 ... 9.9836632e-07 1.7573730e-07
 3.2633645e-07]",0.8173716068267822,28.375473022460938,22.635242462158203,2025-05-02 10:57:09
data/ct_data/foot_50.pickle,133,"[6.7704997e-07 2.5186313e-07 3.8850428e-07 ... 7.8993895e-07 4.6090042e-07
 3.6273065e-07]",0.8168832063674927,28.35576629638672,22.692319869995117,2025-05-02 10:57:16
data/ct_data/foot_50.pickle,134,"[6.4544111e-07 1.9733889e-07 4.9063732e-07 ... 6.3836472e-07 2.2407630e-07
 3.5261374e-07]",0.8175467848777771,28.38805389404297,22.58645248413086,2025-05-02 10:57:23
data/ct_data/foot_50.pickle,135,"[7.4546000e-07 6.1873385e-07 3.4282016e-07 ... 5.5486038e-07 5.4663275e-07
 6.0025803e-07]",0.8177558779716492,28.397489547729492,22.563146591186523,2025-05-02 10:57:30
data/ct_data/foot_50.pickle,136,"[6.4171991e-07 2.3526891e-07 9.4855255e-07 ... 2.0833988e-07 3.4290002e-07
 2.5270157e-07]",0.8184531331062317,28.407730102539062,22.50169563293457,2025-05-02 10:57:37
data/ct_data/foot_50.pickle,137,"[5.0802458e-07 6.0030004e-07 4.3812813e-07 ... 1.0103129e-06 3.8726103e-07
 3.4143818e-07]",0.8180302977561951,28.41351890563965,22.471952438354492,2025-05-02 10:57:44
data/ct_data/foot_50.pickle,138,"[5.1431761e-07 8.1246520e-07 6.0463356e-07 ... 4.5464864e-07 9.4840055e-07
 2.2306047e-07]",0.8187743425369263,28.45343589782715,22.42694091796875,2025-05-02 10:57:51
data/ct_data/foot_50.pickle,139,"[6.1507387e-07 7.2015757e-07 2.9302512e-07 ... 3.8585551e-07 2.5317362e-07
 4.6456455e-07]",0.8190175294876099,28.421340942382812,22.458744049072266,2025-05-02 10:57:57
data/ct_data/foot_50.pickle,140,"[5.7884500e-07 2.2193763e-07 4.9060372e-07 ... 3.7053945e-07 5.4921355e-07
 9.0711956e-07]",0.8195093870162964,28.466093063354492,22.41989517211914,2025-05-02 10:58:04
data/ct_data/foot_50.pickle,141,"[7.8257654e-07 4.2173104e-07 5.6513483e-07 ... 1.0600083e-06 5.2528480e-07
 2.0431986e-07]",0.819573163986206,28.48879051208496,22.380268096923828,2025-05-02 10:58:16
data/ct_data/foot_50.pickle,142,"[1.0459497e-06 3.7120310e-07 1.1191674e-07 ... 3.1981196e-07 3.4050430e-07
 2.4157774e-07]",0.8197730779647827,28.486413955688477,22.39007568359375,2025-05-02 10:58:23
data/ct_data/foot_50.pickle,143,"[6.3735058e-07 4.6523991e-07 8.7153421e-07 ... 7.0165066e-07 3.2119934e-07
 1.0143439e-06]",0.8199421763420105,28.487104415893555,22.32594871520996,2025-05-02 10:58:29
data/ct_data/foot_50.pickle,144,"[4.4858498e-07 1.5043354e-07 5.2154178e-07 ... 3.7780163e-07 5.7089267e-07
 5.7346750e-07]",0.8202457427978516,28.510578155517578,22.341638565063477,2025-05-02 10:58:36
data/ct_data/foot_50.pickle,145,"[7.9145417e-07 7.0503199e-07 3.3880238e-07 ... 1.1870120e-06 2.2527354e-07
 3.8549956e-07]",0.8202235102653503,28.481380462646484,22.37682342529297,2025-05-02 10:58:43
data/ct_data/foot_50.pickle,146,"[7.2925189e-07 2.9510031e-07 2.0398061e-06 ... 4.2622793e-07 4.7670466e-07
 4.6630868e-07]",0.8204352259635925,28.50128936767578,22.34843635559082,2025-05-02 10:58:50
data/ct_data/foot_50.pickle,147,"[7.1998659e-07 4.7179856e-07 7.5673285e-07 ... 4.2497857e-07 1.4401168e-07
 2.6392308e-07]",0.8203213810920715,28.508434295654297,22.361797332763672,2025-05-02 10:58:57
data/ct_data/foot_50.pickle,148,"[4.8761393e-07 3.0658259e-07 3.8647664e-07 ... 6.7825067e-07 6.5283007e-07
 6.5724691e-07]",0.8210809230804443,28.53403663635254,22.300931930541992,2025-05-02 10:59:04
data/ct_data/foot_50.pickle,149,"[6.1790661e-07 1.0144909e-06 4.1286967e-07 ... 1.0897506e-06 5.7796279e-07
 8.5112725e-07]",0.8210862874984741,28.525514602661133,22.282058715820312,2025-05-02 10:59:11
data/ct_data/foot_50.pickle,150,"[1.2614360e-07 9.3796302e-07 3.1170879e-07 ... 4.1666021e-07 2.5620557e-07
 2.8149904e-07]",0.8214619159698486,28.5389347076416,22.340181350708008,2025-05-02 10:59:18
data/ct_data/foot_50.pickle,151,"[7.9495373e-07 5.6665380e-07 5.5965961e-07 ... 5.1825668e-07 6.6785623e-07
 6.6159555e-07]",0.8213592767715454,28.53714942932129,22.33379364013672,2025-05-02 10:59:29
data/ct_data/foot_50.pickle,152,"[5.1658765e-07 6.3547066e-07 6.4686202e-07 ... 2.2511540e-07 4.1561748e-07
 8.4448608e-08]",0.8214015364646912,28.54555892944336,22.31844711303711,2025-05-02 10:59:36
data/ct_data/foot_50.pickle,153,"[8.3251615e-07 1.4632934e-06 5.9581708e-07 ... 5.4507797e-07 5.6017655e-07
 2.8694589e-07]",0.8216360807418823,28.56423568725586,22.251192092895508,2025-05-02 10:59:43
data/ct_data/foot_50.pickle,154,"[1.9222341e-07 2.8562195e-07 4.1419133e-07 ... 3.2771607e-07 8.5796205e-07
 5.2862993e-07]",0.8221068382263184,28.542409896850586,22.309253692626953,2025-05-02 10:59:50
data/ct_data/foot_50.pickle,155,"[6.9812478e-07 9.2572009e-07 2.3587990e-07 ... 5.2932234e-07 2.4581158e-07
 4.6769128e-07]",0.821770191192627,28.568035125732422,22.237565994262695,2025-05-02 10:59:57
data/ct_data/foot_50.pickle,156,"[1.7723287e-06 4.5893989e-07 2.7107083e-07 ... 5.4761671e-07 6.6171333e-07
 8.4941212e-07]",0.8222881555557251,28.562278747558594,22.17975425720215,2025-05-02 11:00:04
data/ct_data/foot_50.pickle,157,"[4.0377392e-07 3.6882054e-07 4.4429530e-07 ... 2.6591971e-07 7.4704394e-07
 1.7794335e-07]",0.8227337598800659,28.58086585998535,22.173540115356445,2025-05-02 11:00:11
data/ct_data/foot_50.pickle,158,"[2.6351097e-07 5.8163948e-07 1.3026803e-06 ... 1.4004239e-06 2.9128552e-07
 1.2603308e-06]",0.8228977918624878,28.6048526763916,22.161767959594727,2025-05-02 11:00:18
data/ct_data/foot_50.pickle,159,"[3.4827278e-07 9.5119810e-07 3.9928744e-07 ... 3.7993053e-07 3.7268444e-07
 1.6503971e-07]",0.8232007026672363,28.603971481323242,22.17150115966797,2025-05-02 11:00:24
data/ct_data/foot_50.pickle,160,"[2.3463177e-07 1.7188455e-07 4.2585944e-07 ... 3.6322035e-07 7.7158330e-07
 5.6247995e-07]",0.8235711455345154,28.640302658081055,22.117069244384766,2025-05-02 11:00:31
data/ct_data/foot_50.pickle,161,"[1.2505956e-06 3.1832644e-07 4.0262472e-07 ... 2.5902321e-07 8.1176671e-07
 6.7847662e-07]",0.8231300115585327,28.605941772460938,22.19904899597168,2025-05-02 11:00:43
data/ct_data/foot_50.pickle,162,"[4.6659451e-07 5.3361657e-07 8.0479964e-07 ... 3.4560267e-07 1.0959313e-06
 7.9102131e-07]",0.8239516019821167,28.63412857055664,22.11296844482422,2025-05-02 11:00:50
data/ct_data/foot_50.pickle,163,"[3.9253507e-07 9.5398821e-07 4.8187803e-07 ... 4.8397459e-07 4.8352814e-07
 3.9384122e-07]",0.823578953742981,28.6267147064209,22.15920066833496,2025-05-02 11:00:57
data/ct_data/foot_50.pickle,164,"[6.1970320e-07 3.0221787e-07 5.2154974e-07 ... 1.0843324e-06 9.4667598e-07
 3.7938077e-07]",0.8242151737213135,28.656917572021484,22.100784301757812,2025-05-02 11:01:03
data/ct_data/foot_50.pickle,165,"[5.0872654e-07 4.2404474e-07 4.4819586e-07 ... 2.6341996e-07 4.0342329e-07
 9.4128592e-07]",0.8240278363227844,28.617368698120117,22.13577651977539,2025-05-02 11:01:10
data/ct_data/foot_50.pickle,166,"[5.0510459e-07 1.1428068e-06 6.8178815e-07 ... 5.0465036e-07 4.7433531e-07
 5.0119479e-07]",0.8242419958114624,28.626449584960938,22.119184494018555,2025-05-02 11:01:17
data/ct_data/foot_50.pickle,167,"[1.6922597e-07 4.3174325e-07 2.0223207e-07 ... 7.5638565e-07 4.3756322e-07
 9.0812495e-07]",0.8237741589546204,28.63946533203125,22.15791130065918,2025-05-02 11:01:24
data/ct_data/foot_50.pickle,168,"[3.0056663e-07 4.5819854e-07 3.7417624e-07 ... 5.5230203e-07 4.4975934e-07
 6.9898738e-07]",0.8244293928146362,28.64725685119629,22.121253967285156,2025-05-02 11:01:31
data/ct_data/foot_50.pickle,169,"[1.3081581e-06 1.4263308e-07 5.2800976e-07 ... 4.8805663e-07 7.8016609e-07
 2.5891777e-07]",0.8241485357284546,28.61988639831543,22.175228118896484,2025-05-02 11:01:38
data/ct_data/foot_50.pickle,170,"[2.5118254e-07 1.8501541e-07 2.9303331e-07 ... 6.6097675e-07 4.7485082e-07
 6.3585219e-07]",0.8239948749542236,28.635665893554688,22.191972732543945,2025-05-02 11:01:45
data/ct_data/foot_50.pickle,171,"[4.1833403e-07 9.6899271e-07 2.3024333e-07 ... 2.9686547e-07 2.3121807e-07
 2.8116960e-07]",0.8240041732788086,28.637130737304688,22.147750854492188,2025-05-02 11:01:56
data/ct_data/foot_50.pickle,172,"[5.3203934e-07 7.2243296e-07 1.8275932e-07 ... 1.9732248e-07 4.2818792e-07
 3.1221222e-07]",0.8242605924606323,28.671218872070312,22.13861656188965,2025-05-02 11:02:03
data/ct_data/foot_50.pickle,173,"[3.2636709e-07 5.0722429e-07 1.0699154e-06 ... 3.9008989e-07 1.0411385e-06
 8.6276725e-07]",0.8235635757446289,28.62009048461914,22.17047691345215,2025-05-02 11:02:10
data/ct_data/foot_50.pickle,174,"[1.9654048e-07 5.0572686e-07 3.8813857e-07 ... 2.6376725e-07 9.6373242e-07
 8.0534136e-07]",0.8245850801467896,28.67315673828125,22.12296485900879,2025-05-02 11:02:17
data/ct_data/foot_50.pickle,175,"[1.3152598e-07 1.4562760e-07 5.0156154e-07 ... 8.7441987e-07 3.1436628e-07
 8.5212361e-07]",0.8243472576141357,28.65839385986328,22.155195236206055,2025-05-02 11:02:24
data/ct_data/foot_50.pickle,176,"[5.5496719e-07 7.6184500e-07 2.4508952e-07 ... 4.8311398e-07 1.1047057e-06
 6.1261255e-07]",0.8251309394836426,28.670398712158203,22.16289710998535,2025-05-02 11:02:31
data/ct_data/foot_50.pickle,177,"[8.4284437e-07 5.2711772e-07 4.6626860e-07 ... 3.4263212e-07 4.0851035e-07
 5.6611105e-07]",0.8247673511505127,28.683486938476562,22.101045608520508,2025-05-02 11:02:38
data/ct_data/foot_50.pickle,178,"[3.2438274e-07 1.2982786e-06 3.9619079e-07 ... 2.4631822e-07 4.3458013e-07
 1.1269566e-06]",0.8253671526908875,28.674631118774414,22.10231590270996,2025-05-02 11:02:45
data/ct_data/foot_50.pickle,179,"[9.7045665e-07 1.6609881e-07 4.6107959e-07 ... 1.2714590e-06 4.2442815e-07
 6.3612390e-07]",0.8257777690887451,28.695940017700195,22.093015670776367,2025-05-02 11:02:52
data/ct_data/foot_50.pickle,180,"[3.7509704e-07 1.7771306e-07 4.0755268e-07 ... 9.4497881e-07 6.9844367e-07
 3.7829523e-07]",0.8254907131195068,28.68311309814453,22.102224349975586,2025-05-02 11:02:58
data/ct_data/foot_50.pickle,181,"[8.2260254e-07 4.3732595e-07 2.3371638e-07 ... 1.2960451e-06 2.7421663e-07
 3.5598791e-07]",0.8259048461914062,28.718080520629883,22.04013442993164,2025-05-02 11:03:10
data/ct_data/foot_50.pickle,182,"[2.7587356e-07 5.8075358e-07 8.5588596e-07 ... 1.1200135e-06 8.9505090e-07
 1.2737656e-06]",0.8259855508804321,28.68520736694336,22.096227645874023,2025-05-02 11:03:17
data/ct_data/foot_50.pickle,183,"[3.1710067e-07 4.8197887e-07 7.3377566e-07 ... 8.4701821e-07 4.4497855e-07
 3.1996944e-07]",0.8264601230621338,28.750057220458984,21.962974548339844,2025-05-02 11:03:24
data/ct_data/foot_50.pickle,184,"[2.0640204e-07 4.3587249e-07 4.4310323e-07 ... 4.5344916e-07 1.2983551e-06
 2.5547243e-07]",0.8267686367034912,28.768619537353516,21.93604278564453,2025-05-02 11:03:30
data/ct_data/foot_50.pickle,185,"[4.6693822e-07 7.9516570e-07 9.4557976e-07 ... 4.3284305e-07 5.0041649e-07
 8.7651694e-07]",0.8268406987190247,28.733840942382812,21.95979881286621,2025-05-02 11:03:37
data/ct_data/foot_50.pickle,186,"[6.9077186e-07 1.1733787e-06 6.3426472e-07 ... 3.9835217e-07 3.6489439e-07
 1.3064715e-06]",0.8268312811851501,28.76163101196289,21.96274185180664,2025-05-02 11:03:44
data/ct_data/foot_50.pickle,187,"[6.5812384e-07 1.4716043e-07 5.6797262e-07 ... 3.2370289e-07 7.7424488e-07
 6.1145494e-07]",0.8273446559906006,28.754899978637695,21.899497985839844,2025-05-02 11:03:51
data/ct_data/foot_50.pickle,188,"[9.1538618e-07 8.6654632e-07 5.5288518e-07 ... 2.8793781e-07 6.4132558e-07
 2.1346341e-07]",0.8270843625068665,28.772321701049805,21.92530632019043,2025-05-02 11:03:58
data/ct_data/foot_50.pickle,189,"[3.7500249e-07 6.4963746e-07 5.6035572e-07 ... 5.1669281e-07 6.9097945e-07
 3.6723978e-07]",0.8272591829299927,28.74006462097168,21.959007263183594,2025-05-02 11:04:05
data/ct_data/foot_50.pickle,190,"[4.5358138e-07 2.3959413e-07 3.5456799e-07 ... 5.9758105e-07 1.0234316e-07
 2.3903095e-07]",0.8265684843063354,28.75710105895996,21.982982635498047,2025-05-02 11:04:12
data/ct_data/foot_50.pickle,191,"[2.4487662e-07 4.0923132e-07 3.9602929e-07 ... 5.1153552e-07 2.7768070e-07
 6.7755491e-07]",0.8274717330932617,28.758922576904297,21.96336555480957,2025-05-02 11:04:23
data/ct_data/foot_50.pickle,192,"[1.3508396e-06 2.5588754e-06 4.0710313e-07 ... 2.8514165e-07 6.6144844e-07
 3.9085432e-07]",0.8274061679840088,28.756685256958008,21.88896942138672,2025-05-02 11:04:30
data/ct_data/foot_50.pickle,193,"[6.9287228e-07 2.6137360e-07 7.0486107e-07 ... 8.2058637e-07 1.2018496e-06
 6.3010731e-07]",0.8278809785842896,28.8021240234375,21.851913452148438,2025-05-02 11:04:37
data/ct_data/foot_50.pickle,194,"[4.5128164e-07 4.0015229e-07 3.5448284e-07 ... 3.2761554e-07 2.4453396e-07
 8.2153224e-07]",0.8278523683547974,28.775680541992188,21.897756576538086,2025-05-02 11:04:44
data/ct_data/foot_50.pickle,195,"[9.4391822e-07 2.6292292e-07 9.2275809e-07 ... 5.5273938e-07 1.5789992e-06
 2.5517031e-07]",0.8278659582138062,28.772886276245117,21.925214767456055,2025-05-02 11:04:51
data/ct_data/foot_50.pickle,196,"[3.9289259e-07 5.8340629e-07 2.9411024e-07 ... 3.4049572e-07 3.9741462e-07
 1.9726060e-06]",0.8278182148933411,28.797595977783203,21.904987335205078,2025-05-02 11:04:58
data/ct_data/foot_50.pickle,197,"[3.3630812e-07 3.5222703e-07 4.3981797e-07 ... 1.4497773e-06 2.7269422e-07
 2.3666422e-07]",0.8277881145477295,28.75088119506836,21.973251342773438,2025-05-02 11:05:05
data/ct_data/foot_50.pickle,198,"[6.3509401e-07 4.4957375e-07 4.9747456e-07 ... 3.9765925e-07 1.9626921e-07
 3.9884435e-07]",0.8281896114349365,28.800662994384766,21.9034366607666,2025-05-02 11:05:12
data/ct_data/foot_50.pickle,199,"[3.7846439e-07 2.3242843e-07 1.4631303e-06 ... 4.3224733e-07 8.3980143e-07
 1.3302308e-07]",0.8281468152999878,28.81937599182129,21.8475341796875,2025-05-02 11:05:19
data/ct_data/foot_50.pickle,200,"[4.5734436e-07 6.2003892e-07 1.0700364e-06 ... 8.4391519e-07 1.6834528e-07
 4.1400196e-07]",0.8285623788833618,28.824777603149414,21.833816528320312,2025-05-02 11:05:25
data/ct_data/foot_50.pickle,201,"[6.9639316e-07 1.0301742e-06 3.5325121e-07 ... 2.0052344e-07 4.8367093e-07
 2.6872442e-07]",0.8285916447639465,28.84303092956543,21.835535049438477,2025-05-02 11:05:37
data/ct_data/foot_50.pickle,202,"[2.6705001e-07 2.6165230e-07 5.9788204e-07 ... 2.8663101e-07 5.3616185e-07
 2.7912014e-07]",0.8287110328674316,28.84840965270996,21.797372817993164,2025-05-02 11:05:44
data/ct_data/foot_50.pickle,203,"[6.5763942e-07 6.7011229e-07 3.9483515e-07 ... 5.6929207e-07 3.4133217e-07
 2.5345301e-07]",0.8293688893318176,28.86456871032715,21.77055549621582,2025-05-02 11:05:51
data/ct_data/foot_50.pickle,204,"[1.2663959e-07 2.2629847e-07 2.1507536e-07 ... 3.8121570e-07 5.0883750e-07
 8.5919709e-08]",0.8286018371582031,28.8430118560791,21.816329956054688,2025-05-02 11:05:58
data/ct_data/foot_50.pickle,205,"[3.9080626e-07 4.0818165e-07 4.3054101e-07 ... 4.5018075e-07 8.7635641e-07
 8.9373128e-07]",0.8296693563461304,28.85157585144043,21.801759719848633,2025-05-02 11:06:05
data/ct_data/foot_50.pickle,206,"[4.64774757e-07 3.73294426e-07 8.69170776e-07 ... 4.78613572e-07
 1.13161384e-07 7.81921926e-07]",0.828684389591217,28.827287673950195,21.862714767456055,2025-05-02 11:06:11
data/ct_data/foot_50.pickle,207,"[4.2213691e-07 5.3134988e-07 8.2079680e-07 ... 1.5761181e-07 8.4586382e-08
 1.2258248e-06]",0.8296934366226196,28.862531661987305,21.74367904663086,2025-05-02 11:06:18
data/ct_data/foot_50.pickle,208,"[6.7236994e-07 6.9948896e-07 4.8466535e-07 ... 3.2080621e-07 4.9362632e-07
 2.8023192e-07]",0.8290851712226868,28.815040588378906,21.828121185302734,2025-05-02 11:06:25
data/ct_data/foot_50.pickle,209,"[4.3356587e-07 6.1354513e-07 4.7201243e-07 ... 3.7794200e-07 8.0230552e-07
 1.1324226e-07]",0.829538106918335,28.837890625,21.81637954711914,2025-05-02 11:06:32
data/ct_data/foot_50.pickle,210,"[3.7655735e-07 5.0746326e-07 3.0777156e-07 ... 4.5055219e-07 7.3833525e-07
 3.3768575e-07]",0.8289080858230591,28.82408332824707,21.799518585205078,2025-05-02 11:06:39
data/ct_data/foot_50.pickle,211,"[5.6624231e-07 4.0549688e-07 8.4861244e-07 ... 5.3640986e-07 3.8992485e-07
 2.3062790e-07]",0.8296731114387512,28.868751525878906,21.764558792114258,2025-05-02 11:06:51
data/ct_data/foot_50.pickle,212,"[1.5275755e-06 6.5693445e-07 3.2711623e-07 ... 7.1339230e-07 3.5553379e-07
 5.9949144e-07]",0.8297054171562195,28.822763442993164,21.761621475219727,2025-05-02 11:06:57
data/ct_data/foot_50.pickle,213,"[4.5440669e-07 7.1925729e-07 5.8049932e-07 ... 4.1267620e-07 2.9736165e-07
 8.4360443e-07]",0.8297932744026184,28.866153717041016,21.76702308654785,2025-05-02 11:07:04
data/ct_data/foot_50.pickle,214,"[4.3285166e-07 6.0149210e-07 4.7828883e-07 ... 3.4550965e-07 3.7822167e-07
 3.7451190e-07]",0.8301231265068054,28.85033416748047,21.75169563293457,2025-05-02 11:07:11
data/ct_data/foot_50.pickle,215,"[3.2187782e-07 5.3883059e-07 3.6698407e-07 ... 3.4788593e-07 3.8651274e-07
 6.0370940e-07]",0.8299559950828552,28.85355567932129,21.746959686279297,2025-05-02 11:07:18
data/ct_data/foot_50.pickle,216,"[8.0892113e-07 2.5107133e-07 3.2909901e-07 ... 1.6843686e-07 5.5325768e-07
 7.2161458e-07]",0.830260694026947,28.848604202270508,21.75202178955078,2025-05-02 11:07:25
data/ct_data/foot_50.pickle,217,"[1.3204599e-06 2.5703829e-07 2.2241322e-07 ... 6.1152127e-07 2.9302686e-07
 3.9921113e-07]",0.8304181098937988,28.889986038208008,21.69336700439453,2025-05-02 11:07:32
data/ct_data/foot_50.pickle,218,"[2.4291464e-07 3.3397092e-07 3.2782148e-07 ... 7.0756982e-07 5.3097921e-07
 1.0212801e-06]",0.8305568695068359,28.86385154724121,21.729494094848633,2025-05-02 11:07:39
data/ct_data/foot_50.pickle,219,"[5.5420088e-07 1.7884490e-06 3.6819108e-07 ... 1.9271208e-06 8.6350997e-07
 3.5734047e-07]",0.8301716446876526,28.877735137939453,21.731096267700195,2025-05-02 11:07:46
data/ct_data/foot_50.pickle,220,"[2.8667685e-07 5.1790039e-07 4.0760469e-07 ... 8.4254765e-07 1.8855678e-07
 5.8903521e-07]",0.8307623863220215,28.90134620666504,21.688798904418945,2025-05-02 11:07:53
data/ct_data/foot_50.pickle,221,"[1.3448131e-06 2.4433649e-07 7.1760149e-07 ... 6.1567664e-07 3.6032176e-07
 7.0007422e-07]",0.8308309316635132,28.88848304748535,21.661441802978516,2025-05-02 11:08:04
data/ct_data/foot_50.pickle,222,"[3.3403074e-07 7.6646933e-07 2.7989208e-07 ... 5.5301035e-07 2.6393840e-07
 3.6603967e-07]",0.8305218815803528,28.8846378326416,21.721887588500977,2025-05-02 11:08:11
data/ct_data/foot_50.pickle,223,"[6.1044346e-08 8.4327991e-07 2.7311188e-07 ... 2.8784658e-07 4.0258442e-07
 1.8633310e-07]",0.8307315707206726,28.88590431213379,21.69107437133789,2025-05-02 11:08:18
data/ct_data/foot_50.pickle,224,"[4.8886540e-07 2.1461749e-07 5.0108929e-07 ... 2.2010140e-07 3.5691963e-07
 2.6681593e-07]",0.8308312296867371,28.88849449157715,21.658449172973633,2025-05-02 11:08:25
data/ct_data/foot_50.pickle,225,"[6.3728686e-07 3.2285550e-07 3.3272318e-07 ... 4.7984378e-07 3.2401968e-07
 4.9595326e-07]",0.830909013748169,28.846101760864258,21.741195678710938,2025-05-02 11:08:32
data/ct_data/foot_50.pickle,226,"[8.5793999e-08 3.1964825e-07 3.8834577e-07 ... 2.9474376e-07 2.0128192e-07
 1.3311261e-06]",0.8307097554206848,28.868183135986328,21.731090545654297,2025-05-02 11:08:39
data/ct_data/foot_50.pickle,227,"[4.6707933e-07 4.3300059e-07 6.6934922e-07 ... 1.2715340e-06 8.6413661e-07
 2.8133715e-07]",0.8311396241188049,28.920631408691406,21.672466278076172,2025-05-02 11:08:46
data/ct_data/foot_50.pickle,228,"[2.4942929e-07 2.1235891e-07 2.7847202e-07 ... 6.2657091e-07 3.6536832e-07
 4.2324416e-07]",0.8311249613761902,28.895732879638672,21.672378540039062,2025-05-02 11:08:53
data/ct_data/foot_50.pickle,229,"[5.6738270e-07 2.2876053e-07 1.0442415e-07 ... 9.4203898e-07 6.3755766e-07
 5.9845615e-07]",0.8313109874725342,28.909318923950195,21.67342185974121,2025-05-02 11:09:00
data/ct_data/foot_50.pickle,230,"[5.3361043e-07 2.4459416e-07 3.6117456e-07 ... 3.7986504e-07 3.3891789e-07
 4.0211123e-07]",0.8309295177459717,28.858976364135742,21.729684829711914,2025-05-02 11:09:07
data/ct_data/foot_50.pickle,231,"[1.3921450e-06 2.0195556e-07 3.1696618e-07 ... 5.4539379e-07 6.8760608e-07
 1.8300619e-06]",0.8311360478401184,28.904630661010742,21.726520538330078,2025-05-02 11:09:18
data/ct_data/foot_50.pickle,232,"[5.3677513e-07 7.2683656e-07 5.6035412e-07 ... 3.3073596e-07 2.5928449e-07
 2.9435580e-07]",0.8314030170440674,28.870405197143555,21.697559356689453,2025-05-02 11:09:25
data/ct_data/foot_50.pickle,233,"[7.2393669e-07 7.3730848e-07 1.4816577e-07 ... 3.8146260e-07 4.8524902e-07
 2.6550487e-07]",0.8316490054130554,28.886716842651367,21.68596839904785,2025-05-02 11:09:32
data/ct_data/foot_50.pickle,234,"[3.0411172e-07 4.3589122e-07 4.2977911e-07 ... 3.3513530e-07 4.3618820e-07
 9.3137527e-07]",0.831323504447937,28.890827178955078,21.667747497558594,2025-05-02 11:09:39
data/ct_data/foot_50.pickle,235,"[1.0022238e-06 1.6228610e-07 3.1745265e-07 ... 3.1323228e-07 2.6097572e-07
 3.0392584e-07]",0.8312515616416931,28.90662956237793,21.703006744384766,2025-05-02 11:09:46
data/ct_data/foot_50.pickle,236,"[3.2940454e-07 8.2321299e-07 4.0749595e-07 ... 3.8947803e-07 2.5528661e-07
 5.3188603e-07]",0.8313465118408203,28.9118595123291,21.69124984741211,2025-05-02 11:09:53
data/ct_data/foot_50.pickle,237,"[2.4406700e-07 6.2670370e-07 2.0787243e-07 ... 4.7186728e-07 2.6441521e-07
 4.4537492e-07]",0.8318814039230347,28.93960189819336,21.650379180908203,2025-05-02 11:10:00
data/ct_data/foot_50.pickle,238,"[3.2385967e-07 4.1245090e-07 4.2694927e-07 ... 2.8000753e-07 4.9399068e-07
 6.8392131e-07]",0.8314691781997681,28.89590835571289,21.76520538330078,2025-05-02 11:10:07
data/ct_data/foot_50.pickle,239,"[2.9309527e-07 9.4771565e-07 2.5775103e-07 ... 4.8982366e-07 3.8691849e-07
 3.9545012e-07]",0.8321570158004761,28.926252365112305,21.6286563873291,2025-05-02 11:10:14
data/ct_data/foot_50.pickle,240,"[5.3420763e-07 4.0903046e-07 1.4262702e-07 ... 3.2134147e-07 1.2573662e-06
 1.8084503e-07]",0.8320941925048828,28.930313110351562,21.660144805908203,2025-05-02 11:10:20
data/ct_data/foot_50.pickle,241,"[4.6465462e-07 4.6832244e-07 3.0180226e-07 ... 2.5394499e-07 1.7287833e-07
 5.6837797e-07]",0.8316996097564697,28.927597045898438,21.67365837097168,2025-05-02 11:10:32
data/ct_data/foot_50.pickle,242,"[4.0632298e-07 7.4315273e-07 5.2375390e-07 ... 6.5397870e-07 2.7515134e-07
 3.5894962e-07]",0.8319545984268188,28.92584800720215,21.649450302124023,2025-05-02 11:10:39
data/ct_data/foot_50.pickle,243,"[5.7484812e-07 5.9673386e-07 1.7568246e-06 ... 6.2482133e-07 3.3059064e-07
 1.1141914e-06]",0.8325977325439453,28.933059692382812,21.61714744567871,2025-05-02 11:10:46
data/ct_data/foot_50.pickle,244,"[1.4012588e-07 7.8758001e-07 2.4920470e-07 ... 8.6399581e-07 7.4381518e-07
 4.6340105e-07]",0.8317546844482422,28.912580490112305,21.63599967956543,2025-05-02 11:10:52
data/ct_data/foot_50.pickle,245,"[2.4796432e-07 4.7418499e-07 1.4223500e-07 ... 7.9007515e-07 2.6990401e-07
 3.1974727e-07]",0.8327524662017822,28.957197189331055,21.585485458374023,2025-05-02 11:10:59
data/ct_data/foot_50.pickle,246,"[4.6619414e-07 1.9692067e-07 5.1123874e-07 ... 7.8697258e-07 1.6161526e-07
 2.2996984e-07]",0.831239640712738,28.918508529663086,21.65945816040039,2025-05-02 11:11:06
data/ct_data/foot_50.pickle,247,"[2.57269221e-07 3.79406259e-07 4.43893100e-07 ... 1.14477125e-07
 4.89870899e-07 3.62985219e-07]",0.8326466083526611,28.95842170715332,21.591419219970703,2025-05-02 11:11:13
data/ct_data/foot_50.pickle,248,"[2.7734376e-07 2.3410011e-07 4.9586851e-07 ... 2.2904112e-07 6.0364647e-07
 4.9330868e-07]",0.8324042558670044,28.93427848815918,21.637788772583008,2025-05-02 11:11:20
data/ct_data/foot_50.pickle,249,"[2.8113624e-07 1.1338163e-06 2.2913207e-07 ... 1.4228783e-07 8.6470459e-07
 1.4671282e-07]",0.8326895236968994,28.961427688598633,21.603361129760742,2025-05-02 11:11:27
